{
  "project_info": {
    "project_number": "676388851167",
    "firebase_url": "https://productcatalog-v1-master-305d2.firebaseio.com",
    "project_id": "productcatalog-v1-master-305d2",
    "storage_bucket": "productcatalog-v1-master-305d2.appspot.com"
  },
  "client": [
    {
      "client_info": {
        "mobilesdk_app_id": "1:676388851167:android:c989b719cc47892b57886a",
        "android_client_info": {
          "package_name": "mgarzon.createbest.productcatalog"
        }
      },
      "oauth_client": [
        {
          "client_id": "676388851167-ldmfj5gcqbkoktpblti87bvd7k6p5u0h.apps.googleusercontent.com",
          "client_type": 3
        }
      ],
      "api_key": [
        {
          "current_key": "AIzaSyC_b4obrNAgvyu-BDGN6UE8e5aU0SW9gHY"
        }
      ],
      "services": {
        "appinvite_service": {
          "other_platform_oauth_client": [
            {
              "client_id": "676388851167-ldmfj5gcqbkoktpblti87bvd7k6p5u0h.apps.googleusercontent.com",
              "client_type": 3
            }
          ]
        }
      }
    }
  ],
  "configuration_version": "1"
}